{
  "total_return": 4.7756,
  "annual_return": 0.3397,
  "sharpe_ratio": 1.1783,
  "sortino_ratio": 1.8505,
  "max_drawdown": -0.3141,
  "max_drawdown_duration_days": 202,
  "win_rate_all_days": 0.5312,
  "win_rate_traded_days": 0.5312,
  "profit_factor": 1.2711,
  "avg_win_loss_ratio": 1.1188,
  "avg_win": 0.011316,
  "avg_loss": 0.010115,
  "n_total_days": 1508,
  "n_traded_days": 1508,
  "n_long": 962,
  "n_short": 546,
  "n_cash": 0,
  "trade_frequency": 1.0,
  "starting_equity": 50356.23,
  "ending_equity": 290835.6,
  "total_pnl": 240835.61,
  "best_day": 0.115962,
  "worst_day": -0.091292,
  "monthly_returns": {
    "2020-01": -0.0233,
    "2020-02": 0.0097,
    "2020-03": 0.7213,
    "2020-04": 0.0399,
    "2020-05": 0.0954,
    "2020-06": 0.0174,
    "2020-07": 0.0721,
    "2020-08": -0.0294,
    "2020-09": 0.1041,
    "2020-10": 0.0376,
    "2020-11": 0.1356,
    "2020-12": -0.0077,
    "2021-01": -0.0184,
    "2021-02": 0.0844,
    "2021-03": 0.1145,
    "2021-04": -0.0491,
    "2021-05": 0.045,
    "2021-06": 0.0493,
    "2021-07": 0.016,
    "2021-08": 0.0078,
    "2021-09": 0.0144,
    "2021-10": 0.0298,
    "2021-11": -0.0048,
    "2021-12": -0.0842,
    "2022-01": -0.1433,
    "2022-02": -0.042,
    "2022-03": 0.0324,
    "2022-04": 0.0728,
    "2022-05": 0.1097,
    "2022-06": 0.1329,
    "2022-07": 0.1178,
    "2022-08": -0.0223,
    "2022-09": -0.0387,
    "2022-10": 0.0101,
    "2022-11": -0.007,
    "2022-12": 0.0999,
    "2023-01": -0.0188,
    "2023-02": -0.0029,
    "2023-03": 0.026,
    "2023-04": 0.0107,
    "2023-05": -0.0231,
    "2023-06": -0.004,
    "2023-07": 0.0274,
    "2023-08": 0.0778,
    "2023-09": 0.0618,
    "2023-10": -0.0188,
    "2023-11": -0.0161,
    "2023-12": -0.0068,
    "2024-01": 0.0138,
    "2024-02": -0.0096,
    "2024-03": 0.0541,
    "2024-04": 0.0032,
    "2024-05": 0.0122,
    "2024-06": -0.0172,
    "2024-07": -0.0466,
    "2024-08": 0.0297,
    "2024-09": 0.0231,
    "2024-10": 0.0406,
    "2024-11": -0.0359,
    "2024-12": 0.0576,
    "2025-01": 0.0617,
    "2025-02": 0.0814,
    "2025-03": 0.0278,
    "2025-04": -0.0539,
    "2025-05": -0.0204,
    "2025-06": -0.033,
    "2025-07": -0.0285,
    "2025-08": 0.007,
    "2025-09": 0.0297,
    "2025-10": 0.1213,
    "2025-11": -0.1143,
    "2025-12": 0.04
  }
}