{
  "total_return": 0.8061,
  "annual_return": 0.1036,
  "sharpe_ratio": 0.6022,
  "sortino_ratio": 0.8856,
  "max_drawdown": -0.185,
  "max_drawdown_duration_days": 192,
  "win_rate_all_days": 0.2586,
  "win_rate_traded_days": 0.5485,
  "profit_factor": 1.2975,
  "avg_win_loss_ratio": 1.058,
  "avg_win": 0.006994,
  "avg_loss": 0.00661,
  "n_total_days": 1508,
  "n_traded_days": 711,
  "n_long": 0,
  "n_short": 0,
  "n_cash": 797,
  "trade_frequency": 0.4715,
  "starting_equity": 50000.0,
  "ending_equity": 90303.71,
  "total_pnl": 40303.72,
  "best_day": 0.055665,
  "worst_day": -0.04421,
  "monthly_returns": {
    "2020-01": 0.002,
    "2020-02": 0.0125,
    "2020-03": 0.0423,
    "2020-04": 0.0148,
    "2020-05": 0.0203,
    "2020-06": 0.0502,
    "2020-07": 0.0411,
    "2020-08": 0.0004,
    "2020-09": 0.0284,
    "2020-10": 0.009,
    "2020-11": 0.0591,
    "2020-12": -0.0052,
    "2021-01": -0.0209,
    "2021-02": 0.0207,
    "2021-03": 0.0014,
    "2021-04": -0.0163,
    "2021-05": 0.0047,
    "2021-06": 0.0254,
    "2021-07": 0.0042,
    "2021-08": 0.0016,
    "2021-09": -0.0205,
    "2021-10": 0.038,
    "2021-11": -0.0474,
    "2021-12": -0.025,
    "2022-01": -0.0669,
    "2022-02": -0.0104,
    "2022-03": 0.0621,
    "2022-04": 0.0352,
    "2022-05": -0.0214,
    "2022-06": 0.0739,
    "2022-07": 0.0469,
    "2022-08": -0.0105,
    "2022-09": 0.014,
    "2022-10": 0.0065,
    "2022-11": -0.0083,
    "2022-12": 0.0106,
    "2023-01": -0.0042,
    "2023-02": 0.0333,
    "2023-03": 0.0138,
    "2023-04": -0.0049,
    "2023-05": 0.0076,
    "2023-06": 0.0126,
    "2023-07": 0.0048,
    "2023-08": 0.0159,
    "2023-09": 0.0293,
    "2023-10": -0.0183,
    "2023-11": 0.0082,
    "2023-12": -0.0054,
    "2024-01": -0.0038,
    "2024-02": -0.0157,
    "2024-03": 0.0025,
    "2024-04": 0.0052,
    "2024-05": 0.0246,
    "2024-06": 0.0136,
    "2024-07": -0.0212,
    "2024-08": -0.0131,
    "2024-09": -0.0143,
    "2024-10": -0.0105,
    "2024-11": 0.0466,
    "2024-12": 0.0517,
    "2025-01": 0.016,
    "2025-02": -0.0001,
    "2025-03": 0.0327,
    "2025-04": -0.0022,
    "2025-05": 0.018,
    "2025-06": 0.0087,
    "2025-07": -0.0296,
    "2025-08": 0.0009,
    "2025-09": 0.0033,
    "2025-10": 0.0213,
    "2025-11": -0.0019,
    "2025-12": 0.0178
  }
}