{
  "total_return": 1.6014,
  "annual_return": 0.1729,
  "sharpe_ratio": 0.664,
  "sortino_ratio": 0.8717,
  "max_drawdown": -0.2889,
  "max_drawdown_duration_days": 466,
  "win_rate_all_days": 0.4019,
  "win_rate_traded_days": 0.5539,
  "profit_factor": 1.1992,
  "avg_win_loss_ratio": 0.9597,
  "avg_win": 0.010739,
  "avg_loss": 0.01119,
  "n_total_days": 1508,
  "n_traded_days": 1094,
  "n_long": 838,
  "n_short": 256,
  "n_cash": 414,
  "trade_frequency": 0.7255,
  "starting_equity": 49522.33,
  "ending_equity": 128828.85,
  "total_pnl": 78828.92,
  "best_day": 0.115948,
  "worst_day": -0.114634,
  "monthly_returns": {
    "2020-01": -0.0235,
    "2020-02": -0.0714,
    "2020-03": -0.0674,
    "2020-04": 0.1098,
    "2020-05": 0.0643,
    "2020-06": 0.0409,
    "2020-07": 0.1052,
    "2020-08": 0.062,
    "2020-09": 0.0301,
    "2020-10": -0.0296,
    "2020-11": 0.1375,
    "2020-12": 0.0205,
    "2021-01": -0.0316,
    "2021-02": 0.0659,
    "2021-03": 0.0398,
    "2021-04": -0.0004,
    "2021-05": 0.033,
    "2021-06": 0.0486,
    "2021-07": 0.0111,
    "2021-08": 0.0144,
    "2021-09": -0.0707,
    "2021-10": 0.0,
    "2021-11": 0.0018,
    "2021-12": -0.0279,
    "2022-01": -0.1389,
    "2022-02": 0.0104,
    "2022-03": 0.011,
    "2022-04": -0.0171,
    "2022-05": -0.0046,
    "2022-06": -0.0189,
    "2022-07": 0.0468,
    "2022-08": 0.0225,
    "2022-09": -0.0298,
    "2022-10": -0.0233,
    "2022-11": 0.0111,
    "2022-12": -0.0089,
    "2023-01": 0.0551,
    "2023-02": 0.0418,
    "2023-03": 0.0228,
    "2023-04": 0.0289,
    "2023-05": 0.0535,
    "2023-06": 0.0301,
    "2023-07": 0.035,
    "2023-08": 0.0675,
    "2023-09": 0.0686,
    "2023-10": -0.0179,
    "2023-11": 0.0366,
    "2023-12": -0.001,
    "2024-01": 0.0218,
    "2024-02": -0.0227,
    "2024-03": -0.004,
    "2024-04": -0.0156,
    "2024-05": 0.047,
    "2024-06": 0.0136,
    "2024-07": 0.013,
    "2024-08": 0.0111,
    "2024-09": -0.0361,
    "2024-10": 0.0105,
    "2024-11": 0.0238,
    "2024-12": 0.0521,
    "2025-01": 0.0901,
    "2025-02": 0.0194,
    "2025-03": -0.0167,
    "2025-04": 0.0227,
    "2025-05": 0.0161,
    "2025-06": 0.0258,
    "2025-07": -0.0175,
    "2025-08": -0.0059,
    "2025-09": 0.007,
    "2025-10": 0.0344,
    "2025-11": -0.0095,
    "2025-12": -0.0053
  }
}