{
  "total_return": 0.3912,
  "annual_return": 0.0566,
  "sharpe_ratio": 0.1864,
  "sortino_ratio": 0.3346,
  "max_drawdown": -0.1825,
  "max_drawdown_duration_days": 940,
  "win_rate_all_days": 0.1286,
  "win_rate_traded_days": 0.4778,
  "profit_factor": 1.2007,
  "avg_win_loss_ratio": 1.3121,
  "avg_win": 0.011451,
  "avg_loss": 0.008728,
  "n_total_days": 1508,
  "n_traded_days": 406,
  "n_long": 356,
  "n_short": 50,
  "n_cash": 1102,
  "trade_frequency": 0.2692,
  "starting_equity": 50000.0,
  "ending_equity": 69561.27,
  "total_pnl": 19561.31,
  "best_day": 0.115885,
  "worst_day": -0.065929,
  "monthly_returns": {
    "2020-01": 0.0056,
    "2020-02": 0.0166,
    "2020-03": 0.0345,
    "2020-04": 0.0481,
    "2020-05": 0.0111,
    "2020-06": 0.0131,
    "2020-07": 0.0395,
    "2020-08": 0.0159,
    "2020-09": 0.0089,
    "2020-10": -0.0449,
    "2020-11": 0.0532,
    "2020-12": -0.0079,
    "2021-01": 0.031,
    "2021-02": -0.0343,
    "2021-03": -0.0211,
    "2021-04": -0.0166,
    "2021-05": 0.0039,
    "2021-06": 0.0232,
    "2021-07": -0.0007,
    "2021-08": 0.0225,
    "2021-09": -0.0378,
    "2021-10": 0.0164,
    "2021-11": -0.0201,
    "2021-12": -0.009,
    "2022-01": -0.0956,
    "2022-02": 0.0026,
    "2022-03": 0.0192,
    "2022-04": 0.0051,
    "2022-05": 0.0273,
    "2022-06": 0.0104,
    "2022-07": 0.0591,
    "2022-08": -0.0074,
    "2022-09": 0.0186,
    "2022-10": -0.007,
    "2022-11": -0.076,
    "2022-12": 0.0132,
    "2023-01": -0.0165,
    "2023-02": -0.0083,
    "2023-03": 0.011,
    "2023-04": -0.01,
    "2023-05": 0.0177,
    "2023-06": -0.0102,
    "2023-07": 0.0276,
    "2023-08": 0.0273,
    "2023-09": 0.0259,
    "2023-10": -0.0218,
    "2023-11": 0.0147,
    "2023-12": 0.0043,
    "2024-01": 0.0232,
    "2024-02": -0.0185,
    "2024-03": 0.0161,
    "2024-04": -0.0108,
    "2024-05": 0.0045,
    "2024-06": 0.03,
    "2024-07": 0.0051,
    "2024-08": -0.0019,
    "2024-09": -0.0074,
    "2024-10": 0.0285,
    "2024-11": 0.0159,
    "2024-12": 0.0443,
    "2025-01": -0.0105,
    "2025-02": -0.0102,
    "2025-03": -0.0426,
    "2025-04": 0.1074,
    "2025-05": -0.0082,
    "2025-06": -0.008,
    "2025-07": -0.0035,
    "2025-08": -0.0159,
    "2025-09": -0.0074,
    "2025-10": 0.0386,
    "2025-11": 0.0064,
    "2025-12": 0.0037
  }
}