{
  "total_return": 10.0307,
  "annual_return": 0.4924,
  "sharpe_ratio": 1.1612,
  "sortino_ratio": 1.6379,
  "max_drawdown": -0.5104,
  "max_drawdown_duration_days": 202,
  "win_rate_all_days": 0.5312,
  "win_rate_traded_days": 0.5312,
  "profit_factor": 1.2671,
  "avg_win_loss_ratio": 1.1153,
  "avg_win": 0.016771,
  "avg_loss": 0.015038,
  "n_total_days": 1508,
  "n_traded_days": 1508,
  "n_long": 962,
  "n_short": 546,
  "n_cash": 0,
  "trade_frequency": 1.0,
  "starting_equity": 50712.46,
  "ending_equity": 559394.82,
  "total_pnl": 509394.71,
  "best_day": 0.178415,
  "worst_day": -0.185357,
  "monthly_returns": {
    "2020-01": -0.0079,
    "2020-02": 0.0055,
    "2020-03": 0.8452,
    "2020-04": 0.057,
    "2020-05": 0.1254,
    "2020-06": 0.103,
    "2020-07": 0.1552,
    "2020-08": -0.0381,
    "2020-09": 0.123,
    "2020-10": 0.0594,
    "2020-11": 0.2543,
    "2020-12": -0.01,
    "2021-01": -0.0598,
    "2021-02": 0.1121,
    "2021-03": 0.089,
    "2021-04": -0.0712,
    "2021-05": 0.0525,
    "2021-06": 0.0796,
    "2021-07": 0.0444,
    "2021-08": 0.021,
    "2021-09": -0.0008,
    "2021-10": 0.0653,
    "2021-11": -0.0522,
    "2021-12": -0.1349,
    "2022-01": -0.2654,
    "2022-02": -0.0592,
    "2022-03": 0.0554,
    "2022-04": 0.1064,
    "2022-05": 0.1326,
    "2022-06": 0.2802,
    "2022-07": 0.1526,
    "2022-08": -0.0416,
    "2022-09": 0.0174,
    "2022-10": 0.0074,
    "2022-11": -0.0591,
    "2022-12": 0.1506,
    "2023-01": -0.0285,
    "2023-02": 0.0236,
    "2023-03": 0.0331,
    "2023-04": -0.002,
    "2023-05": 0.0079,
    "2023-06": 0.0187,
    "2023-07": 0.02,
    "2023-08": 0.1097,
    "2023-09": 0.1103,
    "2023-10": -0.0197,
    "2023-11": 0.0009,
    "2023-12": -0.0107,
    "2024-01": -0.0105,
    "2024-02": -0.0124,
    "2024-03": 0.0592,
    "2024-04": 0.0051,
    "2024-05": 0.0335,
    "2024-06": 0.0112,
    "2024-07": -0.1122,
    "2024-08": 0.0149,
    "2024-09": -0.0143,
    "2024-10": 0.0199,
    "2024-11": 0.0003,
    "2024-12": 0.1142,
    "2025-01": 0.1045,
    "2025-02": 0.0724,
    "2025-03": 0.0621,
    "2025-04": -0.0638,
    "2025-05": -0.0022,
    "2025-06": -0.033,
    "2025-07": -0.0606,
    "2025-08": -0.0083,
    "2025-09": 0.0367,
    "2025-10": 0.1797,
    "2025-11": -0.1179,
    "2025-12": 0.0927
  }
}