{
  "total_return": 0.2248,
  "annual_return": 0.0344,
  "sharpe_ratio": 0.0888,
  "sortino_ratio": 0.1218,
  "max_drawdown": -0.5146,
  "max_drawdown_duration_days": 1042,
  "win_rate_all_days": 0.4304,
  "win_rate_traded_days": 0.5225,
  "profit_factor": 1.0548,
  "avg_win_loss_ratio": 0.9605,
  "avg_win": 0.010617,
  "avg_loss": 0.011053,
  "n_total_days": 1508,
  "n_traded_days": 1242,
  "n_long": 816,
  "n_short": 426,
  "n_cash": 266,
  "trade_frequency": 0.8236,
  "starting_equity": 50356.23,
  "ending_equity": 61676.75,
  "total_pnl": 11676.78,
  "best_day": 0.115874,
  "worst_day": -0.0913,
  "monthly_returns": {
    "2020-01": 0.0075,
    "2020-02": 0.0257,
    "2020-03": 0.4283,
    "2020-04": 0.1871,
    "2020-05": 0.0219,
    "2020-06": 0.0068,
    "2020-07": 0.0974,
    "2020-08": 0.1177,
    "2020-09": -0.1398,
    "2020-10": 0.0044,
    "2020-11": 0.048,
    "2020-12": -0.0062,
    "2021-01": 0.0359,
    "2021-02": 0.0322,
    "2021-03": -0.0416,
    "2021-04": 0.0254,
    "2021-05": -0.0121,
    "2021-06": 0.0574,
    "2021-07": -0.014,
    "2021-08": 0.0209,
    "2021-09": -0.0455,
    "2021-10": 0.0417,
    "2021-11": -0.0217,
    "2021-12": -0.0358,
    "2022-01": -0.1312,
    "2022-02": -0.0961,
    "2022-03": -0.0444,
    "2022-04": -0.0227,
    "2022-05": -0.1638,
    "2022-06": 0.077,
    "2022-07": 0.0074,
    "2022-08": -0.1114,
    "2022-09": 0.0915,
    "2022-10": -0.0176,
    "2022-11": -0.1149,
    "2022-12": 0.0414,
    "2023-01": -0.0136,
    "2023-02": -0.0187,
    "2023-03": -0.0147,
    "2023-04": 0.0486,
    "2023-05": 0.04,
    "2023-06": 0.0288,
    "2023-07": 0.0801,
    "2023-08": 0.0402,
    "2023-09": 0.0675,
    "2023-10": -0.0045,
    "2023-11": -0.0242,
    "2023-12": -0.0446,
    "2024-01": 0.0109,
    "2024-02": -0.0344,
    "2024-03": -0.0112,
    "2024-04": -0.0593,
    "2024-05": -0.0149,
    "2024-06": 0.0325,
    "2024-07": -0.0036,
    "2024-08": -0.0059,
    "2024-09": 0.0112,
    "2024-10": -0.0445,
    "2024-11": 0.005,
    "2024-12": 0.0384,
    "2025-01": 0.0189,
    "2025-02": -0.0682,
    "2025-03": 0.1016,
    "2025-04": 0.0409,
    "2025-05": -0.0508,
    "2025-06": -0.0174,
    "2025-07": -0.0041,
    "2025-08": 0.0056,
    "2025-09": -0.0265,
    "2025-10": -0.0158,
    "2025-11": -0.0445,
    "2025-12": 0.0008
  }
}