{
  "total_return": 1.258,
  "annual_return": 0.1455,
  "sharpe_ratio": 0.8566,
  "sortino_ratio": 1.203,
  "max_drawdown": -0.2059,
  "max_drawdown_duration_days": 202,
  "win_rate_all_days": 0.5179,
  "win_rate_traded_days": 0.5179,
  "profit_factor": 1.256,
  "avg_win_loss_ratio": 1.1161,
  "avg_win": 0.005391,
  "avg_loss": 0.00483,
  "n_total_days": 1508,
  "n_traded_days": 1508,
  "n_long": 962,
  "n_short": 546,
  "n_cash": 0,
  "trade_frequency": 1.0,
  "starting_equity": 50000.0,
  "ending_equity": 112902.11,
  "total_pnl": 62902.05,
  "best_day": 0.053258,
  "worst_day": -0.055317,
  "monthly_returns": {
    "2020-01": -0.0047,
    "2020-02": 0.0055,
    "2020-03": 0.1066,
    "2020-04": 0.0363,
    "2020-05": 0.0417,
    "2020-06": 0.0357,
    "2020-07": 0.0511,
    "2020-08": -0.0043,
    "2020-09": 0.0404,
    "2020-10": 0.0154,
    "2020-11": 0.0779,
    "2020-12": -0.005,
    "2021-01": -0.0184,
    "2021-02": 0.0368,
    "2021-03": 0.0309,
    "2021-04": -0.0216,
    "2021-05": 0.0162,
    "2021-06": 0.0305,
    "2021-07": 0.0096,
    "2021-08": 0.0036,
    "2021-09": -0.0059,
    "2021-10": 0.0283,
    "2021-11": -0.0269,
    "2021-12": -0.041,
    "2022-01": -0.085,
    "2022-02": -0.0182,
    "2022-03": 0.0366,
    "2022-04": 0.0375,
    "2022-05": 0.0194,
    "2022-06": 0.0839,
    "2022-07": 0.0633,
    "2022-08": -0.0128,
    "2022-09": -0.0035,
    "2022-10": 0.0084,
    "2022-11": -0.0069,
    "2022-12": 0.0422,
    "2023-01": -0.0076,
    "2023-02": 0.0144,
    "2023-03": 0.0165,
    "2023-04": 0.001,
    "2023-05": -0.0018,
    "2023-06": 0.0067,
    "2023-07": 0.011,
    "2023-08": 0.0333,
    "2023-09": 0.0343,
    "2023-10": -0.016,
    "2023-11": 0.0006,
    "2023-12": -0.0076,
    "2024-01": 0.0017,
    "2024-02": -0.0095,
    "2024-03": 0.0178,
    "2024-04": 0.0043,
    "2024-05": 0.0186,
    "2024-06": 0.0059,
    "2024-07": -0.0304,
    "2024-08": 0.0012,
    "2024-09": -0.002,
    "2024-10": 0.0029,
    "2024-11": 0.009,
    "2024-12": 0.0489,
    "2025-01": 0.0311,
    "2025-02": 0.0239,
    "2025-03": 0.0285,
    "2025-04": -0.0156,
    "2025-05": 0.0048,
    "2025-06": -0.0049,
    "2025-07": -0.0266,
    "2025-08": 0.0025,
    "2025-09": 0.011,
    "2025-10": 0.0522,
    "2025-11": -0.0369,
    "2025-12": 0.0235
  }
}