{
  "total_return": 1.866,
  "annual_return": 0.192,
  "sharpe_ratio": 0.908,
  "sortino_ratio": 1.2998,
  "max_drawdown": -0.28,
  "max_drawdown_duration_days": 194,
  "win_rate_all_days": 0.2653,
  "win_rate_traded_days": 0.5626,
  "profit_factor": 1.3447,
  "avg_win_loss_ratio": 1.0455,
  "avg_win": 0.011169,
  "avg_loss": 0.010683,
  "n_total_days": 1508,
  "n_traded_days": 711,
  "n_long": 513,
  "n_short": 198,
  "n_cash": 797,
  "trade_frequency": 0.4715,
  "starting_equity": 50456.75,
  "ending_equity": 144607.49,
  "total_pnl": 94607.46,
  "best_day": 0.084681,
  "worst_day": -0.091716,
  "monthly_returns": {
    "2020-01": 0.0194,
    "2020-02": 0.0074,
    "2020-03": 0.1498,
    "2020-04": 0.0322,
    "2020-05": 0.0313,
    "2020-06": 0.0891,
    "2020-07": 0.0815,
    "2020-08": -0.0041,
    "2020-09": 0.0252,
    "2020-10": 0.0251,
    "2020-11": 0.1077,
    "2020-12": 0.0029,
    "2021-01": -0.0359,
    "2021-02": 0.0288,
    "2021-03": -0.0151,
    "2021-04": -0.0212,
    "2021-05": 0.0112,
    "2021-06": 0.0332,
    "2021-07": 0.0313,
    "2021-08": 0.0169,
    "2021-09": -0.0134,
    "2021-10": 0.0364,
    "2021-11": -0.0422,
    "2021-12": -0.0518,
    "2022-01": -0.1359,
    "2022-02": -0.0079,
    "2022-03": 0.0276,
    "2022-04": 0.0372,
    "2022-05": 0.0327,
    "2022-06": 0.1381,
    "2022-07": 0.0341,
    "2022-08": -0.0114,
    "2022-09": 0.0629,
    "2022-10": 0.0037,
    "2022-11": -0.0426,
    "2022-12": 0.0534,
    "2023-01": -0.0058,
    "2023-02": 0.032,
    "2023-03": 0.0092,
    "2023-04": -0.0076,
    "2023-05": 0.0391,
    "2023-06": 0.0283,
    "2023-07": -0.0023,
    "2023-08": 0.0294,
    "2023-09": 0.0537,
    "2023-10": 0.0041,
    "2023-11": 0.0197,
    "2023-12": 0.0051,
    "2024-01": -0.0216,
    "2024-02": -0.0012,
    "2024-03": 0.0082,
    "2024-04": 0.0032,
    "2024-05": 0.0243,
    "2024-06": 0.0304,
    "2024-07": -0.0633,
    "2024-08": -0.0126,
    "2024-09": -0.0331,
    "2024-10": -0.0146,
    "2024-11": 0.0373,
    "2024-12": 0.0666,
    "2025-01": 0.0428,
    "2025-02": -0.0051,
    "2025-03": 0.0418,
    "2025-04": -0.0048,
    "2025-05": 0.0228,
    "2025-06": 0.0013,
    "2025-07": -0.0305,
    "2025-08": -0.0121,
    "2025-09": 0.0084,
    "2025-10": 0.0527,
    "2025-11": -0.0021,
    "2025-12": 0.0519
  }
}